{"cameraMode":{"drawMode":0,"name":"Shaded","section":"Shading Mode"},"sceneLighting":true,"audioPlay":false,"sceneViewState":{"m_AlwaysRefresh":false,"showFog":true,"showSkybox":true,"showFlares":true,"showImageEffects":true,"showParticleSystems":true,"showVisualEffectGraphs":true,"m_FxEnabled":true},"in2DMode":false,"pivot":{"x":93.24131774902344,"y":0.8966848850250244,"z":-248.771240234375},"rotation":{"x":0.008248541504144669,"y":0.9900466799736023,"z":-0.06574565172195435,"w":0.12420350313186646},"size":8.641929626464844,"orthographic":false}